,n_trees,n_interval,min_length,max_length,interval_type,time,accuracy,f1,recall
0,100,3,0.05,0.05,percentage,1.1050224304199219,0.6129032258064516,0.6129032258064516,0.6129032258064516
1,100,3,0.05,0.1,percentage,1.1075425148010254,0.6774193548387096,0.6774193548387096,0.6774193548387096
2,100,3,0.05,0.25,percentage,1.2143330574035645,0.6129032258064516,0.6129032258064516,0.6129032258064516
3,100,3,0.05,0.5,percentage,1.242931604385376,0.6451612903225806,0.6451612903225806,0.6451612903225806
4,100,3,0.05,0.7,percentage,1.1035075187683105,0.6774193548387096,0.6774193548387096,0.6774193548387096
5,100,3,0.05,1.0,percentage,1.085627794265747,0.6774193548387096,0.6774193548387096,0.6774193548387096
6,100,3,0.1,0.1,percentage,1.0182719230651855,0.6451612903225806,0.6451612903225806,0.6451612903225806
7,100,3,0.1,0.25,percentage,1.0380465984344482,0.6451612903225806,0.6451612903225806,0.6451612903225806
8,100,3,0.1,0.5,percentage,1.0492680072784424,0.6451612903225806,0.6451612903225806,0.6451612903225806
9,100,3,0.1,0.7,percentage,1.0477089881896973,0.6774193548387096,0.6774193548387096,0.6774193548387096
10,100,3,0.1,1.0,percentage,1.0844674110412598,0.6774193548387096,0.6774193548387096,0.6774193548387096
11,100,3,0.25,0.25,percentage,1.0356531143188477,0.6451612903225806,0.6451612903225806,0.6451612903225806
12,100,3,0.25,0.5,percentage,1.051987648010254,0.7419354838709677,0.7419354838709677,0.7419354838709677
13,100,3,0.25,0.7,percentage,1.0450146198272705,0.7096774193548387,0.7096774193548389,0.7096774193548387
14,100,3,0.25,1.0,percentage,1.0441958904266357,0.6774193548387096,0.6774193548387096,0.6774193548387096
15,100,3,0.5,0.5,percentage,1.0296680927276611,0.6451612903225806,0.6451612903225806,0.6451612903225806
16,100,3,0.5,0.7,percentage,1.0430867671966553,0.7419354838709677,0.7419354838709677,0.7419354838709677
17,100,3,0.5,1.0,percentage,1.0564725399017334,0.7419354838709677,0.7419354838709677,0.7419354838709677
18,100,5,0.05,0.05,percentage,1.105229139328003,0.5483870967741935,0.5483870967741935,0.5483870967741935
19,100,5,0.05,0.1,percentage,1.0756721496582031,0.6451612903225806,0.6451612903225806,0.6451612903225806
20,100,5,0.05,0.25,percentage,1.0694341659545898,0.6774193548387096,0.6774193548387096,0.6774193548387096
21,100,5,0.05,0.5,percentage,1.057755470275879,0.5806451612903226,0.5806451612903226,0.5806451612903226
22,100,5,0.05,0.7,percentage,1.0631434917449951,0.5806451612903226,0.5806451612903226,0.5806451612903226
23,100,5,0.05,1.0,percentage,1.0645523071289062,0.6451612903225806,0.6451612903225806,0.6451612903225806
24,100,5,0.1,0.1,percentage,1.0682404041290283,0.6774193548387096,0.6774193548387096,0.6774193548387096
25,100,5,0.1,0.25,percentage,1.0561580657958984,0.6129032258064516,0.6129032258064516,0.6129032258064516
26,100,5,0.1,0.5,percentage,1.0753674507141113,0.6129032258064516,0.6129032258064516,0.6129032258064516
27,100,5,0.1,0.7,percentage,1.0643784999847412,0.5806451612903226,0.5806451612903226,0.5806451612903226
28,100,5,0.1,1.0,percentage,1.07232666015625,0.6129032258064516,0.6129032258064516,0.6129032258064516
29,100,5,0.25,0.25,percentage,1.0561258792877197,0.7096774193548387,0.7096774193548389,0.7096774193548387
30,100,5,0.25,0.5,percentage,1.068385124206543,0.6774193548387096,0.6774193548387096,0.6774193548387096
31,100,5,0.25,0.7,percentage,1.070389747619629,0.7096774193548387,0.7096774193548389,0.7096774193548387
32,100,5,0.25,1.0,percentage,1.056023120880127,0.7096774193548387,0.7096774193548389,0.7096774193548387
33,100,5,0.5,0.5,percentage,1.061152696609497,0.6129032258064516,0.6129032258064516,0.6129032258064516
34,100,5,0.5,0.7,percentage,1.0674827098846436,0.6774193548387096,0.6774193548387096,0.6774193548387096
35,100,5,0.5,1.0,percentage,1.0610218048095703,0.7096774193548387,0.7096774193548389,0.7096774193548387
36,100,10,0.05,0.05,percentage,1.1180126667022705,0.6129032258064516,0.6129032258064516,0.6129032258064516
37,100,10,0.05,0.1,percentage,1.1343071460723877,0.7096774193548387,0.7096774193548389,0.7096774193548387
38,100,10,0.05,0.25,percentage,1.1317667961120605,0.6451612903225806,0.6451612903225806,0.6451612903225806
39,100,10,0.05,0.5,percentage,1.153839349746704,0.6774193548387096,0.6774193548387096,0.6774193548387096
40,100,10,0.05,0.7,percentage,1.1154427528381348,0.7096774193548387,0.7096774193548389,0.7096774193548387
41,100,10,0.05,1.0,percentage,1.1493477821350098,0.7096774193548387,0.7096774193548389,0.7096774193548387
42,100,10,0.1,0.1,percentage,1.1271388530731201,0.7419354838709677,0.7419354838709677,0.7419354838709677
43,100,10,0.1,0.25,percentage,1.1159048080444336,0.6129032258064516,0.6129032258064516,0.6129032258064516
44,100,10,0.1,0.5,percentage,1.2033040523529053,0.6451612903225806,0.6451612903225806,0.6451612903225806
45,100,10,0.1,0.7,percentage,1.1561851501464844,0.6774193548387096,0.6774193548387096,0.6774193548387096
46,100,10,0.1,1.0,percentage,1.1474621295928955,0.6774193548387096,0.6774193548387096,0.6774193548387096
47,100,10,0.25,0.25,percentage,1.129167079925537,0.7096774193548387,0.7096774193548389,0.7096774193548387
48,100,10,0.25,0.5,percentage,1.156569480895996,0.6774193548387096,0.6774193548387096,0.6774193548387096
49,100,10,0.25,0.7,percentage,1.1302404403686523,0.6774193548387096,0.6774193548387096,0.6774193548387096
50,100,10,0.25,1.0,percentage,1.1639788150787354,0.6774193548387096,0.6774193548387096,0.6774193548387096
51,100,10,0.5,0.5,percentage,1.11519455909729,0.6774193548387096,0.6774193548387096,0.6774193548387096
52,100,10,0.5,0.7,percentage,1.1460251808166504,0.6774193548387096,0.6774193548387096,0.6774193548387096
53,100,10,0.5,1.0,percentage,1.1311900615692139,0.6774193548387096,0.6774193548387096,0.6774193548387096
54,100,20,0.05,0.05,percentage,1.247713327407837,0.6129032258064516,0.6129032258064516,0.6129032258064516
55,100,20,0.05,0.1,percentage,1.2638826370239258,0.6451612903225806,0.6451612903225806,0.6451612903225806
56,100,20,0.05,0.25,percentage,1.2738592624664307,0.6129032258064516,0.6129032258064516,0.6129032258064516
57,100,20,0.05,0.5,percentage,1.316795825958252,0.6451612903225806,0.6451612903225806,0.6451612903225806
58,100,20,0.05,0.7,percentage,1.276965618133545,0.6774193548387096,0.6774193548387096,0.6774193548387096
59,100,20,0.05,1.0,percentage,1.278656244277954,0.7419354838709677,0.7419354838709677,0.7419354838709677
60,100,20,0.1,0.1,percentage,1.266134262084961,0.6774193548387096,0.6774193548387096,0.6774193548387096
61,100,20,0.1,0.25,percentage,1.2722032070159912,0.7096774193548387,0.7096774193548389,0.7096774193548387
62,100,20,0.1,0.5,percentage,1.275693655014038,0.6774193548387096,0.6774193548387096,0.6774193548387096
63,100,20,0.1,0.7,percentage,1.2638285160064697,0.7096774193548387,0.7096774193548389,0.7096774193548387
64,100,20,0.1,1.0,percentage,1.2893955707550049,0.7096774193548387,0.7096774193548389,0.7096774193548387
65,100,20,0.25,0.25,percentage,1.2728252410888672,0.6774193548387096,0.6774193548387096,0.6774193548387096
66,100,20,0.25,0.5,percentage,1.297365427017212,0.7419354838709677,0.7419354838709677,0.7419354838709677
67,100,20,0.25,0.7,percentage,1.2970914840698242,0.7741935483870968,0.7741935483870968,0.7741935483870968
68,100,20,0.25,1.0,percentage,1.289147138595581,0.7096774193548387,0.7096774193548389,0.7096774193548387
69,100,20,0.5,0.5,percentage,1.293609857559204,0.6774193548387096,0.6774193548387096,0.6774193548387096
70,100,20,0.5,0.7,percentage,1.2877583503723145,0.7096774193548387,0.7096774193548389,0.7096774193548387
71,100,20,0.5,1.0,percentage,1.297738790512085,0.7741935483870968,0.7741935483870968,0.7741935483870968
72,100,50,0.05,0.05,percentage,1.8607451915740967,0.6129032258064516,0.6129032258064516,0.6129032258064516
73,100,50,0.05,0.1,percentage,1.7155487537384033,0.6451612903225806,0.6451612903225806,0.6451612903225806
74,100,50,0.05,0.25,percentage,1.752004861831665,0.6774193548387096,0.6774193548387096,0.6774193548387096
75,100,50,0.05,0.5,percentage,1.7001845836639404,0.7419354838709677,0.7419354838709677,0.7419354838709677
76,100,50,0.05,0.7,percentage,1.699800968170166,0.6774193548387096,0.6774193548387096,0.6774193548387096
77,100,50,0.05,1.0,percentage,1.7272603511810303,0.6774193548387096,0.6774193548387096,0.6774193548387096
78,100,50,0.1,0.1,percentage,1.7482962608337402,0.6451612903225806,0.6451612903225806,0.6451612903225806
79,100,50,0.1,0.25,percentage,1.716521978378296,0.6129032258064516,0.6129032258064516,0.6129032258064516
80,100,50,0.1,0.5,percentage,1.7593519687652588,0.6774193548387096,0.6774193548387096,0.6774193548387096
81,100,50,0.1,0.7,percentage,1.7256982326507568,0.6774193548387096,0.6774193548387096,0.6774193548387096
82,100,50,0.1,1.0,percentage,1.713864803314209,0.7419354838709677,0.7419354838709677,0.7419354838709677
83,100,50,0.25,0.25,percentage,1.7271833419799805,0.7096774193548387,0.7096774193548389,0.7096774193548387
84,100,50,0.25,0.5,percentage,1.7562403678894043,0.6451612903225806,0.6451612903225806,0.6451612903225806
85,100,50,0.25,0.7,percentage,1.7848477363586426,0.6774193548387096,0.6774193548387096,0.6774193548387096
86,100,50,0.25,1.0,percentage,1.7029404640197754,0.7096774193548387,0.7096774193548389,0.7096774193548387
87,100,50,0.5,0.5,percentage,1.7959797382354736,0.7096774193548387,0.7096774193548389,0.7096774193548387
88,100,50,0.5,0.7,percentage,1.7595298290252686,0.6774193548387096,0.6774193548387096,0.6774193548387096
89,100,50,0.5,1.0,percentage,1.746093988418579,0.7096774193548387,0.7096774193548389,0.7096774193548387
90,100,100,0.05,0.05,percentage,2.386167526245117,0.6451612903225806,0.6451612903225806,0.6451612903225806
91,100,100,0.05,0.1,percentage,2.4102907180786133,0.6451612903225806,0.6451612903225806,0.6451612903225806
92,100,100,0.05,0.25,percentage,2.4255177974700928,0.6774193548387096,0.6774193548387096,0.6774193548387096
93,100,100,0.05,0.5,percentage,2.4762911796569824,0.7096774193548387,0.7096774193548389,0.7096774193548387
94,100,100,0.05,0.7,percentage,2.401211738586426,0.7419354838709677,0.7419354838709677,0.7419354838709677
95,100,100,0.05,1.0,percentage,2.392753839492798,0.7419354838709677,0.7419354838709677,0.7419354838709677
96,100,100,0.1,0.1,percentage,2.5985422134399414,0.6774193548387096,0.6774193548387096,0.6774193548387096
97,100,100,0.1,0.25,percentage,2.392144203186035,0.7096774193548387,0.7096774193548389,0.7096774193548387
98,100,100,0.1,0.5,percentage,2.41420578956604,0.7096774193548387,0.7096774193548389,0.7096774193548387
99,100,100,0.1,0.7,percentage,2.5650105476379395,0.7741935483870968,0.7741935483870968,0.7741935483870968
100,100,100,0.1,1.0,percentage,2.4125468730926514,0.7741935483870968,0.7741935483870968,0.7741935483870968
101,100,100,0.25,0.25,percentage,2.409198522567749,0.6129032258064516,0.6129032258064516,0.6129032258064516
102,100,100,0.25,0.5,percentage,2.5360443592071533,0.7096774193548387,0.7096774193548389,0.7096774193548387
103,100,100,0.25,0.7,percentage,2.474492073059082,0.7419354838709677,0.7419354838709677,0.7419354838709677
104,100,100,0.25,1.0,percentage,2.4532687664031982,0.7419354838709677,0.7419354838709677,0.7419354838709677
105,100,100,0.5,0.5,percentage,2.4889447689056396,0.6774193548387096,0.6774193548387096,0.6774193548387096
106,100,100,0.5,0.7,percentage,2.4948062896728516,0.7096774193548387,0.7096774193548389,0.7096774193548387
107,100,100,0.5,1.0,percentage,2.4703471660614014,0.7419354838709677,0.7419354838709677,0.7419354838709677
108,500,3,0.05,0.05,percentage,1.9775662422180176,0.5806451612903226,0.5806451612903226,0.5806451612903226
109,500,3,0.05,0.1,percentage,1.8753142356872559,0.6774193548387096,0.6774193548387096,0.6774193548387096
110,500,3,0.05,0.25,percentage,1.8597955703735352,0.6129032258064516,0.6129032258064516,0.6129032258064516
111,500,3,0.05,0.5,percentage,1.8568789958953857,0.6451612903225806,0.6451612903225806,0.6451612903225806
112,500,3,0.05,0.7,percentage,1.858842134475708,0.6774193548387096,0.6774193548387096,0.6774193548387096
113,500,3,0.05,1.0,percentage,1.882307529449463,0.6774193548387096,0.6774193548387096,0.6774193548387096
114,500,3,0.1,0.1,percentage,1.8600022792816162,0.7096774193548387,0.7096774193548389,0.7096774193548387
115,500,3,0.1,0.25,percentage,1.8489253520965576,0.6129032258064516,0.6129032258064516,0.6129032258064516
116,500,3,0.1,0.5,percentage,1.858065128326416,0.6451612903225806,0.6451612903225806,0.6451612903225806
117,500,3,0.1,0.7,percentage,1.8432610034942627,0.7096774193548387,0.7096774193548389,0.7096774193548387
118,500,3,0.1,1.0,percentage,1.8474256992340088,0.6774193548387096,0.6774193548387096,0.6774193548387096
119,500,3,0.25,0.25,percentage,1.8468871116638184,0.6451612903225806,0.6451612903225806,0.6451612903225806
120,500,3,0.25,0.5,percentage,1.8543245792388916,0.7419354838709677,0.7419354838709677,0.7419354838709677
121,500,3,0.25,0.7,percentage,1.857349157333374,0.7419354838709677,0.7419354838709677,0.7419354838709677
122,500,3,0.25,1.0,percentage,1.870495080947876,0.6774193548387096,0.6774193548387096,0.6774193548387096
123,500,3,0.5,0.5,percentage,1.8527300357818604,0.6451612903225806,0.6451612903225806,0.6451612903225806
124,500,3,0.5,0.7,percentage,1.8449552059173584,0.7419354838709677,0.7419354838709677,0.7419354838709677
125,500,3,0.5,1.0,percentage,1.8468778133392334,0.7096774193548387,0.7096774193548389,0.7096774193548387
126,500,5,0.05,0.05,percentage,1.8849985599517822,0.5806451612903226,0.5806451612903226,0.5806451612903226
127,500,5,0.05,0.1,percentage,1.869166612625122,0.6451612903225806,0.6451612903225806,0.6451612903225806
128,500,5,0.05,0.25,percentage,1.8759653568267822,0.6451612903225806,0.6451612903225806,0.6451612903225806
129,500,5,0.05,0.5,percentage,1.857839822769165,0.5806451612903226,0.5806451612903226,0.5806451612903226
130,500,5,0.05,0.7,percentage,1.889707326889038,0.6129032258064516,0.6129032258064516,0.6129032258064516
131,500,5,0.05,1.0,percentage,1.8625414371490479,0.6129032258064516,0.6129032258064516,0.6129032258064516
132,500,5,0.1,0.1,percentage,1.867492914199829,0.6774193548387096,0.6774193548387096,0.6774193548387096
133,500,5,0.1,0.25,percentage,1.8875658512115479,0.6129032258064516,0.6129032258064516,0.6129032258064516
134,500,5,0.1,0.5,percentage,1.8847756385803223,0.6451612903225806,0.6451612903225806,0.6451612903225806
135,500,5,0.1,0.7,percentage,1.860846757888794,0.6129032258064516,0.6129032258064516,0.6129032258064516
136,500,5,0.1,1.0,percentage,1.8999905586242676,0.6129032258064516,0.6129032258064516,0.6129032258064516
137,500,5,0.25,0.25,percentage,1.8796000480651855,0.7096774193548387,0.7096774193548389,0.7096774193548387
138,500,5,0.25,0.5,percentage,1.889190673828125,0.7419354838709677,0.7419354838709677,0.7419354838709677
139,500,5,0.25,0.7,percentage,1.8585526943206787,0.7096774193548387,0.7096774193548389,0.7096774193548387
140,500,5,0.25,1.0,percentage,1.876518964767456,0.7096774193548387,0.7096774193548389,0.7096774193548387
141,500,5,0.5,0.5,percentage,1.8614616394042969,0.6774193548387096,0.6774193548387096,0.6774193548387096
142,500,5,0.5,0.7,percentage,1.8821022510528564,0.7096774193548387,0.7096774193548389,0.7096774193548387
143,500,5,0.5,1.0,percentage,1.932753324508667,0.7096774193548387,0.7096774193548389,0.7096774193548387
144,500,10,0.05,0.05,percentage,1.9475367069244385,0.6129032258064516,0.6129032258064516,0.6129032258064516
145,500,10,0.05,0.1,percentage,1.9754712581634521,0.6451612903225806,0.6451612903225806,0.6451612903225806
146,500,10,0.05,0.25,percentage,1.940331220626831,0.7096774193548387,0.7096774193548389,0.7096774193548387
147,500,10,0.05,0.5,percentage,1.953866720199585,0.6774193548387096,0.6774193548387096,0.6774193548387096
148,500,10,0.05,0.7,percentage,1.9566001892089844,0.7096774193548387,0.7096774193548389,0.7096774193548387
149,500,10,0.05,1.0,percentage,1.9356491565704346,0.7419354838709677,0.7419354838709677,0.7419354838709677
150,500,10,0.1,0.1,percentage,1.9349215030670166,0.7419354838709677,0.7419354838709677,0.7419354838709677
151,500,10,0.1,0.25,percentage,1.9247567653656006,0.6129032258064516,0.6129032258064516,0.6129032258064516
152,500,10,0.1,0.5,percentage,1.9521265029907227,0.6129032258064516,0.6129032258064516,0.6129032258064516
153,500,10,0.1,0.7,percentage,1.9414973258972168,0.7096774193548387,0.7096774193548389,0.7096774193548387
154,500,10,0.1,1.0,percentage,1.93330717086792,0.7096774193548387,0.7096774193548389,0.7096774193548387
155,500,10,0.25,0.25,percentage,1.9592115879058838,0.7096774193548387,0.7096774193548389,0.7096774193548387
156,500,10,0.25,0.5,percentage,1.9582037925720215,0.7096774193548387,0.7096774193548389,0.7096774193548387
157,500,10,0.25,0.7,percentage,1.9445586204528809,0.7096774193548387,0.7096774193548389,0.7096774193548387
158,500,10,0.25,1.0,percentage,1.927283525466919,0.6774193548387096,0.6774193548387096,0.6774193548387096
159,500,10,0.5,0.5,percentage,1.939164638519287,0.6774193548387096,0.6774193548387096,0.6774193548387096
160,500,10,0.5,0.7,percentage,1.9499340057373047,0.7096774193548387,0.7096774193548389,0.7096774193548387
161,500,10,0.5,1.0,percentage,2.0115699768066406,0.7419354838709677,0.7419354838709677,0.7419354838709677
162,500,20,0.05,0.05,percentage,2.0772957801818848,0.5806451612903226,0.5806451612903226,0.5806451612903226
163,500,20,0.05,0.1,percentage,2.0979771614074707,0.6451612903225806,0.6451612903225806,0.6451612903225806
164,500,20,0.05,0.25,percentage,2.0753684043884277,0.7096774193548387,0.7096774193548389,0.7096774193548387
165,500,20,0.05,0.5,percentage,2.0730817317962646,0.6774193548387096,0.6774193548387096,0.6774193548387096
166,500,20,0.05,0.7,percentage,2.116842031478882,0.6774193548387096,0.6774193548387096,0.6774193548387096
167,500,20,0.05,1.0,percentage,2.1030919551849365,0.7096774193548387,0.7096774193548389,0.7096774193548387
168,500,20,0.1,0.1,percentage,2.0671873092651367,0.7096774193548387,0.7096774193548389,0.7096774193548387
169,500,20,0.1,0.25,percentage,2.1020896434783936,0.6774193548387096,0.6774193548387096,0.6774193548387096
170,500,20,0.1,0.5,percentage,2.0952417850494385,0.6774193548387096,0.6774193548387096,0.6774193548387096
171,500,20,0.1,0.7,percentage,2.157378911972046,0.6774193548387096,0.6774193548387096,0.6774193548387096
172,500,20,0.1,1.0,percentage,2.083688259124756,0.6774193548387096,0.6774193548387096,0.6774193548387096
173,500,20,0.25,0.25,percentage,2.0946996212005615,0.7096774193548387,0.7096774193548389,0.7096774193548387
174,500,20,0.25,0.5,percentage,2.083872079849243,0.7419354838709677,0.7419354838709677,0.7419354838709677
175,500,20,0.25,0.7,percentage,2.087366819381714,0.7419354838709677,0.7419354838709677,0.7419354838709677
176,500,20,0.25,1.0,percentage,2.0757346153259277,0.7419354838709677,0.7419354838709677,0.7419354838709677
177,500,20,0.5,0.5,percentage,2.0798263549804688,0.7096774193548387,0.7096774193548389,0.7096774193548387
178,500,20,0.5,0.7,percentage,2.1022162437438965,0.7096774193548387,0.7096774193548389,0.7096774193548387
179,500,20,0.5,1.0,percentage,2.106968402862549,0.7741935483870968,0.7741935483870968,0.7741935483870968
180,500,50,0.05,0.05,percentage,2.4898314476013184,0.6451612903225806,0.6451612903225806,0.6451612903225806
181,500,50,0.05,0.1,percentage,2.4982147216796875,0.6451612903225806,0.6451612903225806,0.6451612903225806
182,500,50,0.05,0.25,percentage,2.5069262981414795,0.6774193548387096,0.6774193548387096,0.6774193548387096
183,500,50,0.05,0.5,percentage,2.6161298751831055,0.6774193548387096,0.6774193548387096,0.6774193548387096
184,500,50,0.05,0.7,percentage,2.5237648487091064,0.7096774193548387,0.7096774193548389,0.7096774193548387
185,500,50,0.05,1.0,percentage,2.5834171772003174,0.7419354838709677,0.7419354838709677,0.7419354838709677
186,500,50,0.1,0.1,percentage,2.501275062561035,0.6774193548387096,0.6774193548387096,0.6774193548387096
187,500,50,0.1,0.25,percentage,2.497662305831909,0.6129032258064516,0.6129032258064516,0.6129032258064516
188,500,50,0.1,0.5,percentage,2.5055480003356934,0.7096774193548387,0.7096774193548389,0.7096774193548387
189,500,50,0.1,0.7,percentage,2.5249977111816406,0.7419354838709677,0.7419354838709677,0.7419354838709677
190,500,50,0.1,1.0,percentage,2.5500986576080322,0.7741935483870968,0.7741935483870968,0.7741935483870968
191,500,50,0.25,0.25,percentage,2.496922016143799,0.6774193548387096,0.6774193548387096,0.6774193548387096
192,500,50,0.25,0.5,percentage,2.497246503829956,0.6451612903225806,0.6451612903225806,0.6451612903225806
193,500,50,0.25,0.7,percentage,2.516389846801758,0.7419354838709677,0.7419354838709677,0.7419354838709677
194,500,50,0.25,1.0,percentage,2.59222412109375,0.7096774193548387,0.7096774193548389,0.7096774193548387
195,500,50,0.5,0.5,percentage,2.5369443893432617,0.7096774193548387,0.7096774193548389,0.7096774193548387
196,500,50,0.5,0.7,percentage,2.5604965686798096,0.6774193548387096,0.6774193548387096,0.6774193548387096
197,500,50,0.5,1.0,percentage,2.5631396770477295,0.7096774193548387,0.7096774193548389,0.7096774193548387
198,500,100,0.05,0.05,percentage,3.1279187202453613,0.6451612903225806,0.6451612903225806,0.6451612903225806
199,500,100,0.05,0.1,percentage,3.169100761413574,0.6774193548387096,0.6774193548387096,0.6774193548387096
200,500,100,0.05,0.25,percentage,3.2465364933013916,0.6451612903225806,0.6451612903225806,0.6451612903225806
201,500,100,0.05,0.5,percentage,3.2457921504974365,0.7096774193548387,0.7096774193548389,0.7096774193548387
202,500,100,0.05,0.7,percentage,3.4155337810516357,0.7419354838709677,0.7419354838709677,0.7419354838709677
203,500,100,0.05,1.0,percentage,3.2361793518066406,0.8064516129032258,0.8064516129032258,0.8064516129032258
204,500,100,0.1,0.1,percentage,3.406956911087036,0.6774193548387096,0.6774193548387096,0.6774193548387096
205,500,100,0.1,0.25,percentage,3.2437214851379395,0.6774193548387096,0.6774193548387096,0.6774193548387096
206,500,100,0.1,0.5,percentage,3.2577366828918457,0.7096774193548387,0.7096774193548389,0.7096774193548387
207,500,100,0.1,0.7,percentage,3.249814748764038,0.7419354838709677,0.7419354838709677,0.7419354838709677
208,500,100,0.1,1.0,percentage,3.230241060256958,0.7419354838709677,0.7419354838709677,0.7419354838709677
209,500,100,0.25,0.25,percentage,3.211313009262085,0.6451612903225806,0.6451612903225806,0.6451612903225806
210,500,100,0.25,0.5,percentage,3.271630048751831,0.7419354838709677,0.7419354838709677,0.7419354838709677
211,500,100,0.25,0.7,percentage,3.2543785572052,0.7419354838709677,0.7419354838709677,0.7419354838709677
212,500,100,0.25,1.0,percentage,3.2914609909057617,0.7096774193548387,0.7096774193548389,0.7096774193548387
213,500,100,0.5,0.5,percentage,3.376744031906128,0.7096774193548387,0.7096774193548389,0.7096774193548387
214,500,100,0.5,0.7,percentage,3.280579090118408,0.7096774193548387,0.7096774193548389,0.7096774193548387
215,500,100,0.5,1.0,percentage,3.318201780319214,0.7419354838709677,0.7419354838709677,0.7419354838709677
216,1000,3,0.05,0.05,percentage,2.8616509437561035,0.5806451612903226,0.5806451612903226,0.5806451612903226
217,1000,3,0.05,0.1,percentage,2.8341400623321533,0.6774193548387096,0.6774193548387096,0.6774193548387096
218,1000,3,0.05,0.25,percentage,2.870944023132324,0.6129032258064516,0.6129032258064516,0.6129032258064516
219,1000,3,0.05,0.5,percentage,2.8907339572906494,0.6451612903225806,0.6451612903225806,0.6451612903225806
220,1000,3,0.05,0.7,percentage,2.8685972690582275,0.6774193548387096,0.6774193548387096,0.6774193548387096
221,1000,3,0.05,1.0,percentage,2.8696494102478027,0.6774193548387096,0.6774193548387096,0.6774193548387096
222,1000,3,0.1,0.1,percentage,2.861448287963867,0.7096774193548387,0.7096774193548389,0.7096774193548387
223,1000,3,0.1,0.25,percentage,2.861769437789917,0.6451612903225806,0.6451612903225806,0.6451612903225806
224,1000,3,0.1,0.5,percentage,2.8747870922088623,0.6451612903225806,0.6451612903225806,0.6451612903225806
225,1000,3,0.1,0.7,percentage,2.844835042953491,0.7096774193548387,0.7096774193548389,0.7096774193548387
226,1000,3,0.1,1.0,percentage,2.8766746520996094,0.7096774193548387,0.7096774193548389,0.7096774193548387
227,1000,3,0.25,0.25,percentage,2.8444762229919434,0.6774193548387096,0.6774193548387096,0.6774193548387096
228,1000,3,0.25,0.5,percentage,2.8639564514160156,0.7419354838709677,0.7419354838709677,0.7419354838709677
229,1000,3,0.25,0.7,percentage,2.8578896522521973,0.7419354838709677,0.7419354838709677,0.7419354838709677
230,1000,3,0.25,1.0,percentage,2.8440537452697754,0.6774193548387096,0.6774193548387096,0.6774193548387096
231,1000,3,0.5,0.5,percentage,2.8291873931884766,0.6774193548387096,0.6774193548387096,0.6774193548387096
232,1000,3,0.5,0.7,percentage,2.8352837562561035,0.7419354838709677,0.7419354838709677,0.7419354838709677
233,1000,3,0.5,1.0,percentage,2.855815887451172,0.7096774193548387,0.7096774193548389,0.7096774193548387
234,1000,5,0.05,0.05,percentage,2.86045241355896,0.5806451612903226,0.5806451612903226,0.5806451612903226
235,1000,5,0.05,0.1,percentage,2.8565492630004883,0.6774193548387096,0.6774193548387096,0.6774193548387096
236,1000,5,0.05,0.25,percentage,2.867915153503418,0.6451612903225806,0.6451612903225806,0.6451612903225806
237,1000,5,0.05,0.5,percentage,2.8707613945007324,0.5806451612903226,0.5806451612903226,0.5806451612903226
238,1000,5,0.05,0.7,percentage,2.879727840423584,0.6129032258064516,0.6129032258064516,0.6129032258064516
239,1000,5,0.05,1.0,percentage,2.891287088394165,0.6451612903225806,0.6451612903225806,0.6451612903225806
240,1000,5,0.1,0.1,percentage,2.8748509883880615,0.6774193548387096,0.6774193548387096,0.6774193548387096
241,1000,5,0.1,0.25,percentage,2.883009910583496,0.6129032258064516,0.6129032258064516,0.6129032258064516
242,1000,5,0.1,0.5,percentage,2.867295503616333,0.6451612903225806,0.6451612903225806,0.6451612903225806
243,1000,5,0.1,0.7,percentage,2.8705549240112305,0.6451612903225806,0.6451612903225806,0.6451612903225806
244,1000,5,0.1,1.0,percentage,2.8883495330810547,0.6129032258064516,0.6129032258064516,0.6129032258064516
245,1000,5,0.25,0.25,percentage,2.833401918411255,0.7096774193548387,0.7096774193548389,0.7096774193548387
246,1000,5,0.25,0.5,percentage,2.8807032108306885,0.7419354838709677,0.7419354838709677,0.7419354838709677
247,1000,5,0.25,0.7,percentage,2.905794382095337,0.7096774193548387,0.7096774193548389,0.7096774193548387
248,1000,5,0.25,1.0,percentage,2.8732852935791016,0.7096774193548387,0.7096774193548389,0.7096774193548387
249,1000,5,0.5,0.5,percentage,2.872360944747925,0.6774193548387096,0.6774193548387096,0.6774193548387096
250,1000,5,0.5,0.7,percentage,2.863306999206543,0.7096774193548387,0.7096774193548389,0.7096774193548387
251,1000,5,0.5,1.0,percentage,2.8814167976379395,0.7419354838709677,0.7419354838709677,0.7419354838709677
252,1000,10,0.05,0.05,percentage,2.926342248916626,0.6129032258064516,0.6129032258064516,0.6129032258064516
253,1000,10,0.05,0.1,percentage,2.9524617195129395,0.6774193548387096,0.6774193548387096,0.6774193548387096
254,1000,10,0.05,0.25,percentage,2.951936721801758,0.7096774193548387,0.7096774193548389,0.7096774193548387
255,1000,10,0.05,0.5,percentage,2.940880060195923,0.6774193548387096,0.6774193548387096,0.6774193548387096
256,1000,10,0.05,0.7,percentage,2.960178852081299,0.7096774193548387,0.7096774193548389,0.7096774193548387
257,1000,10,0.05,1.0,percentage,2.9363107681274414,0.7096774193548387,0.7096774193548389,0.7096774193548387
258,1000,10,0.1,0.1,percentage,2.923649311065674,0.7419354838709677,0.7419354838709677,0.7419354838709677
259,1000,10,0.1,0.25,percentage,2.9492342472076416,0.6129032258064516,0.6129032258064516,0.6129032258064516
260,1000,10,0.1,0.5,percentage,2.9413952827453613,0.6129032258064516,0.6129032258064516,0.6129032258064516
261,1000,10,0.1,0.7,percentage,2.9428515434265137,0.6774193548387096,0.6774193548387096,0.6774193548387096
262,1000,10,0.1,1.0,percentage,2.958007574081421,0.6774193548387096,0.6774193548387096,0.6774193548387096
263,1000,10,0.25,0.25,percentage,2.9532310962677,0.7096774193548387,0.7096774193548389,0.7096774193548387
264,1000,10,0.25,0.5,percentage,3.0154404640197754,0.6774193548387096,0.6774193548387096,0.6774193548387096
265,1000,10,0.25,0.7,percentage,2.9684813022613525,0.6774193548387096,0.6774193548387096,0.6774193548387096
266,1000,10,0.25,1.0,percentage,2.957616090774536,0.6774193548387096,0.6774193548387096,0.6774193548387096
267,1000,10,0.5,0.5,percentage,2.9392621517181396,0.6451612903225806,0.6451612903225806,0.6451612903225806
268,1000,10,0.5,0.7,percentage,2.9554874897003174,0.7096774193548387,0.7096774193548389,0.7096774193548387
269,1000,10,0.5,1.0,percentage,2.925236940383911,0.7419354838709677,0.7419354838709677,0.7419354838709677
270,1000,20,0.05,0.05,percentage,3.050379753112793,0.6129032258064516,0.6129032258064516,0.6129032258064516
271,1000,20,0.05,0.1,percentage,3.0508806705474854,0.6451612903225806,0.6451612903225806,0.6451612903225806
272,1000,20,0.05,0.25,percentage,3.082594633102417,0.7096774193548387,0.7096774193548389,0.7096774193548387
273,1000,20,0.05,0.5,percentage,3.0945515632629395,0.6774193548387096,0.6774193548387096,0.6774193548387096
274,1000,20,0.05,0.7,percentage,3.0811119079589844,0.6774193548387096,0.6774193548387096,0.6774193548387096
275,1000,20,0.05,1.0,percentage,3.0546295642852783,0.7096774193548387,0.7096774193548389,0.7096774193548387
276,1000,20,0.1,0.1,percentage,3.0580053329467773,0.6774193548387096,0.6774193548387096,0.6774193548387096
277,1000,20,0.1,0.25,percentage,3.082653760910034,0.6451612903225806,0.6451612903225806,0.6451612903225806
278,1000,20,0.1,0.5,percentage,3.081374168395996,0.6774193548387096,0.6774193548387096,0.6774193548387096
279,1000,20,0.1,0.7,percentage,3.0943074226379395,0.6774193548387096,0.6774193548387096,0.6774193548387096
280,1000,20,0.1,1.0,percentage,3.083322048187256,0.6774193548387096,0.6774193548387096,0.6774193548387096
281,1000,20,0.25,0.25,percentage,3.142040491104126,0.7096774193548387,0.7096774193548389,0.7096774193548387
282,1000,20,0.25,0.5,percentage,3.0625576972961426,0.7096774193548387,0.7096774193548389,0.7096774193548387
283,1000,20,0.25,0.7,percentage,3.080275058746338,0.7741935483870968,0.7741935483870968,0.7741935483870968
284,1000,20,0.25,1.0,percentage,3.06754994392395,0.7419354838709677,0.7419354838709677,0.7419354838709677
285,1000,20,0.5,0.5,percentage,3.086652994155884,0.7096774193548387,0.7096774193548389,0.7096774193548387
286,1000,20,0.5,0.7,percentage,3.097656488418579,0.7096774193548387,0.7096774193548389,0.7096774193548387
287,1000,20,0.5,1.0,percentage,3.0973660945892334,0.7741935483870968,0.7741935483870968,0.7741935483870968
288,1000,50,0.05,0.05,percentage,3.4802086353302,0.6451612903225806,0.6451612903225806,0.6451612903225806
289,1000,50,0.05,0.1,percentage,3.5123231410980225,0.6451612903225806,0.6451612903225806,0.6451612903225806
290,1000,50,0.05,0.25,percentage,3.558126926422119,0.6774193548387096,0.6774193548387096,0.6774193548387096
291,1000,50,0.05,0.5,percentage,3.5198631286621094,0.6774193548387096,0.6774193548387096,0.6774193548387096
292,1000,50,0.05,0.7,percentage,3.5597786903381348,0.7096774193548387,0.7096774193548389,0.7096774193548387
293,1000,50,0.05,1.0,percentage,3.5716400146484375,0.7419354838709677,0.7419354838709677,0.7419354838709677
294,1000,50,0.1,0.1,percentage,3.504572629928589,0.6451612903225806,0.6451612903225806,0.6451612903225806
295,1000,50,0.1,0.25,percentage,3.509779691696167,0.6129032258064516,0.6129032258064516,0.6129032258064516
296,1000,50,0.1,0.5,percentage,3.498488187789917,0.6774193548387096,0.6774193548387096,0.6774193548387096
297,1000,50,0.1,0.7,percentage,3.506030321121216,0.7419354838709677,0.7419354838709677,0.7419354838709677
298,1000,50,0.1,1.0,percentage,3.7358920574188232,0.7741935483870968,0.7741935483870968,0.7741935483870968
299,1000,50,0.25,0.25,percentage,3.533057451248169,0.6774193548387096,0.6774193548387096,0.6774193548387096
300,1000,50,0.25,0.5,percentage,3.5743348598480225,0.6451612903225806,0.6451612903225806,0.6451612903225806
301,1000,50,0.25,0.7,percentage,3.5333175659179688,0.7419354838709677,0.7419354838709677,0.7419354838709677
302,1000,50,0.25,1.0,percentage,3.5215060710906982,0.7096774193548387,0.7096774193548389,0.7096774193548387
303,1000,50,0.5,0.5,percentage,3.51910138130188,0.7096774193548387,0.7096774193548389,0.7096774193548387
304,1000,50,0.5,0.7,percentage,3.5262248516082764,0.6774193548387096,0.6774193548387096,0.6774193548387096
305,1000,50,0.5,1.0,percentage,3.5429680347442627,0.7096774193548387,0.7096774193548389,0.7096774193548387
306,1000,100,0.05,0.05,percentage,4.254552841186523,0.6129032258064516,0.6129032258064516,0.6129032258064516
307,1000,100,0.05,0.1,percentage,4.18920111656189,0.6451612903225806,0.6451612903225806,0.6451612903225806
308,1000,100,0.05,0.25,percentage,4.32843017578125,0.6451612903225806,0.6451612903225806,0.6451612903225806
309,1000,100,0.05,0.5,percentage,4.259257555007935,0.7096774193548387,0.7096774193548389,0.7096774193548387
310,1000,100,0.05,0.7,percentage,4.245176792144775,0.7419354838709677,0.7419354838709677,0.7419354838709677
311,1000,100,0.05,1.0,percentage,4.227025747299194,0.7419354838709677,0.7419354838709677,0.7419354838709677
312,1000,100,0.1,0.1,percentage,4.363410949707031,0.6774193548387096,0.6774193548387096,0.6774193548387096
313,1000,100,0.1,0.25,percentage,4.2375171184539795,0.6451612903225806,0.6451612903225806,0.6451612903225806
314,1000,100,0.1,0.5,percentage,4.2255589962005615,0.7096774193548387,0.7096774193548389,0.7096774193548387
315,1000,100,0.1,0.7,percentage,4.24588942527771,0.7419354838709677,0.7419354838709677,0.7419354838709677
316,1000,100,0.1,1.0,percentage,4.263424873352051,0.7419354838709677,0.7419354838709677,0.7419354838709677
317,1000,100,0.25,0.25,percentage,4.249176502227783,0.6451612903225806,0.6451612903225806,0.6451612903225806
318,1000,100,0.25,0.5,percentage,4.226731061935425,0.7419354838709677,0.7419354838709677,0.7419354838709677
319,1000,100,0.25,0.7,percentage,4.26948881149292,0.7419354838709677,0.7419354838709677,0.7419354838709677
320,1000,100,0.25,1.0,percentage,4.349079370498657,0.7096774193548387,0.7096774193548389,0.7096774193548387
321,1000,100,0.5,0.5,percentage,4.267761945724487,0.7096774193548387,0.7096774193548389,0.7096774193548387
322,1000,100,0.5,0.7,percentage,4.396610498428345,0.7096774193548387,0.7096774193548389,0.7096774193548387
323,1000,100,0.5,1.0,percentage,4.251960039138794,0.7419354838709677,0.7419354838709677,0.7419354838709677
