,n_trees,n_interval,min_length,interval_type,time,accuracy,f1,recall
0,100,3,5.0,rp,0.4960322380065918,0.6129032258064516,0.6129032258064516,0.6129032258064516
1,100,3,10.0,rp,0.49340343475341797,0.6129032258064516,0.6129032258064516,0.6129032258064516
2,100,3,20.0,rp,0.49492478370666504,0.6129032258064516,0.6129032258064516,0.6129032258064516
3,100,3,50.0,rp,0.5037457942962646,0.6129032258064516,0.6129032258064516,0.6129032258064516
4,100,3,100.0,rp,0.5084741115570068,0.6451612903225806,0.6451612903225806,0.6451612903225806
5,100,3,200.0,rp,0.5235426425933838,0.6451612903225806,0.6451612903225806,0.6451612903225806
6,100,5,5.0,rp,0.757129430770874,0.6451612903225806,0.6451612903225806,0.6451612903225806
7,100,5,10.0,rp,0.7420649528503418,0.7096774193548387,0.7096774193548389,0.7096774193548387
8,100,5,20.0,rp,0.8113164901733398,0.7096774193548387,0.7096774193548389,0.7096774193548387
9,100,5,50.0,rp,0.7892820835113525,0.6451612903225806,0.6451612903225806,0.6451612903225806
10,100,5,100.0,rp,0.8263952732086182,0.6451612903225806,0.6451612903225806,0.6451612903225806
11,100,5,200.0,rp,0.8492751121520996,0.6451612903225806,0.6451612903225806,0.6451612903225806
12,100,10,5.0,rp,1.4789769649505615,0.7096774193548387,0.7096774193548389,0.7096774193548387
13,100,10,10.0,rp,1.4564776420593262,0.6451612903225806,0.6451612903225806,0.6451612903225806
14,100,10,20.0,rp,1.4340629577636719,0.6129032258064516,0.6129032258064516,0.6129032258064516
15,100,10,50.0,rp,1.4304559230804443,0.6451612903225806,0.6451612903225806,0.6451612903225806
16,100,10,100.0,rp,1.4747045040130615,0.7096774193548387,0.7096774193548389,0.7096774193548387
17,100,10,200.0,rp,1.5892467498779297,0.7096774193548387,0.7096774193548389,0.7096774193548387
18,100,20,5.0,rp,2.768521785736084,0.7096774193548387,0.7096774193548389,0.7096774193548387
19,100,20,10.0,rp,2.7706427574157715,0.6774193548387096,0.6774193548387096,0.6774193548387096
20,100,20,20.0,rp,2.786634683609009,0.7096774193548387,0.7096774193548389,0.7096774193548387
21,100,20,50.0,rp,2.868556499481201,0.6774193548387096,0.6774193548387096,0.6774193548387096
22,100,20,100.0,rp,2.9012088775634766,0.7419354838709677,0.7419354838709677,0.7419354838709677
23,100,20,200.0,rp,2.9832797050476074,0.7096774193548387,0.7096774193548389,0.7096774193548387
24,100,50,5.0,rp,6.771241188049316,0.6774193548387096,0.6774193548387096,0.6774193548387096
25,100,50,10.0,rp,6.844756126403809,0.7419354838709677,0.7419354838709677,0.7419354838709677
26,100,50,20.0,rp,6.816309928894043,0.7419354838709677,0.7419354838709677,0.7419354838709677
27,100,50,50.0,rp,6.856464385986328,0.7419354838709677,0.7419354838709677,0.7419354838709677
28,100,50,100.0,rp,6.919878959655762,0.7096774193548387,0.7096774193548389,0.7096774193548387
29,100,50,200.0,rp,7.358018159866333,0.7096774193548387,0.7096774193548389,0.7096774193548387
30,100,100,5.0,rp,13.423794031143188,0.7419354838709677,0.7419354838709677,0.7419354838709677
31,100,100,10.0,rp,13.385609149932861,0.7741935483870968,0.7741935483870968,0.7741935483870968
32,100,100,20.0,rp,13.412121295928955,0.7741935483870968,0.7741935483870968,0.7741935483870968
33,100,100,50.0,rp,13.814436674118042,0.7096774193548387,0.7096774193548389,0.7096774193548387
34,100,100,100.0,rp,13.945843935012817,0.7419354838709677,0.7419354838709677,0.7419354838709677
35,100,200,5.0,rp,26.54932951927185,0.6774193548387096,0.6774193548387096,0.6774193548387096
36,100,200,10.0,rp,26.251977682113647,0.7419354838709677,0.7419354838709677,0.7419354838709677
37,100,200,20.0,rp,26.865900993347168,0.7419354838709677,0.7419354838709677,0.7419354838709677
38,100,200,50.0,rp,26.91071581840515,0.7419354838709677,0.7419354838709677,0.7419354838709677
39,200,3,5.0,rp,0.5940883159637451,0.6129032258064516,0.6129032258064516,0.6129032258064516
40,200,3,10.0,rp,0.5920677185058594,0.5806451612903226,0.5806451612903226,0.5806451612903226
41,200,3,20.0,rp,0.5820677280426025,0.5806451612903226,0.5806451612903226,0.5806451612903226
42,200,3,50.0,rp,0.5961856842041016,0.5806451612903226,0.5806451612903226,0.5806451612903226
43,200,3,100.0,rp,0.6111626625061035,0.6451612903225806,0.6451612903225806,0.6451612903225806
44,200,3,200.0,rp,0.6309716701507568,0.6451612903225806,0.6451612903225806,0.6451612903225806
45,200,5,5.0,rp,0.8512864112854004,0.6774193548387096,0.6774193548387096,0.6774193548387096
46,200,5,10.0,rp,0.8658607006072998,0.6774193548387096,0.6774193548387096,0.6774193548387096
47,200,5,20.0,rp,0.8710191249847412,0.6451612903225806,0.6451612903225806,0.6451612903225806
48,200,5,50.0,rp,0.8846359252929688,0.6129032258064516,0.6129032258064516,0.6129032258064516
49,200,5,100.0,rp,0.9162471294403076,0.6451612903225806,0.6451612903225806,0.6451612903225806
50,200,5,200.0,rp,0.9274787902832031,0.6451612903225806,0.6451612903225806,0.6451612903225806
51,200,10,5.0,rp,1.5289783477783203,0.7096774193548387,0.7096774193548389,0.7096774193548387
52,200,10,10.0,rp,1.5760610103607178,0.7096774193548387,0.7096774193548389,0.7096774193548387
53,200,10,20.0,rp,1.5666968822479248,0.7096774193548387,0.7096774193548389,0.7096774193548387
54,200,10,50.0,rp,1.5957300662994385,0.6129032258064516,0.6129032258064516,0.6129032258064516
55,200,10,100.0,rp,1.6525824069976807,0.7096774193548387,0.7096774193548389,0.7096774193548387
56,200,10,200.0,rp,1.7089948654174805,0.7096774193548387,0.7096774193548389,0.7096774193548387
57,200,20,5.0,rp,2.8516738414764404,0.7096774193548387,0.7096774193548389,0.7096774193548387
58,200,20,10.0,rp,2.8935728073120117,0.6774193548387096,0.6774193548387096,0.6774193548387096
59,200,20,20.0,rp,2.874889612197876,0.7419354838709677,0.7419354838709677,0.7419354838709677
60,200,20,50.0,rp,2.9637138843536377,0.6774193548387096,0.6774193548387096,0.6774193548387096
61,200,20,100.0,rp,3.087592840194702,0.7096774193548387,0.7096774193548389,0.7096774193548387
62,200,20,200.0,rp,3.130925178527832,0.7096774193548387,0.7096774193548389,0.7096774193548387
63,200,50,5.0,rp,6.887718677520752,0.6774193548387096,0.6774193548387096,0.6774193548387096
64,200,50,10.0,rp,6.914296388626099,0.6774193548387096,0.6774193548387096,0.6774193548387096
65,200,50,20.0,rp,6.907139778137207,0.7419354838709677,0.7419354838709677,0.7419354838709677
66,200,50,50.0,rp,6.9143967628479,0.7096774193548387,0.7096774193548389,0.7096774193548387
67,200,50,100.0,rp,7.095794916152954,0.7419354838709677,0.7419354838709677,0.7419354838709677
68,200,50,200.0,rp,7.4542295932769775,0.7096774193548387,0.7096774193548389,0.7096774193548387
69,200,100,5.0,rp,13.405968189239502,0.7419354838709677,0.7419354838709677,0.7419354838709677
70,200,100,10.0,rp,13.521076917648315,0.7741935483870968,0.7741935483870968,0.7741935483870968
71,200,100,20.0,rp,13.472943305969238,0.7419354838709677,0.7419354838709677,0.7419354838709677
72,200,100,50.0,rp,13.661978244781494,0.7741935483870968,0.7741935483870968,0.7741935483870968
73,200,100,100.0,rp,13.993135452270508,0.7419354838709677,0.7419354838709677,0.7419354838709677
74,200,200,5.0,rp,26.820884227752686,0.7096774193548387,0.7096774193548389,0.7096774193548387
75,200,200,10.0,rp,26.410070419311523,0.7741935483870968,0.7741935483870968,0.7741935483870968
76,200,200,20.0,rp,26.892735958099365,0.7419354838709677,0.7419354838709677,0.7419354838709677
77,200,200,50.0,rp,26.92116093635559,0.7419354838709677,0.7419354838709677,0.7419354838709677
78,500,3,5.0,rp,0.865389347076416,0.6129032258064516,0.6129032258064516,0.6129032258064516
79,500,3,10.0,rp,0.8986825942993164,0.6129032258064516,0.6129032258064516,0.6129032258064516
80,500,3,20.0,rp,0.8676309585571289,0.6129032258064516,0.6129032258064516,0.6129032258064516
81,500,3,50.0,rp,0.8787343502044678,0.6129032258064516,0.6129032258064516,0.6129032258064516
82,500,3,100.0,rp,0.9104287624359131,0.6451612903225806,0.6451612903225806,0.6451612903225806
83,500,3,200.0,rp,0.9171509742736816,0.6774193548387096,0.6774193548387096,0.6774193548387096
84,500,5,5.0,rp,1.149156093597412,0.6774193548387096,0.6774193548387096,0.6774193548387096
85,500,5,10.0,rp,1.127150058746338,0.6774193548387096,0.6774193548387096,0.6774193548387096
86,500,5,20.0,rp,1.1729979515075684,0.6451612903225806,0.6451612903225806,0.6451612903225806
87,500,5,50.0,rp,1.1533527374267578,0.6129032258064516,0.6129032258064516,0.6129032258064516
88,500,5,100.0,rp,1.2215147018432617,0.6451612903225806,0.6451612903225806,0.6451612903225806
89,500,5,200.0,rp,1.255845308303833,0.6451612903225806,0.6451612903225806,0.6451612903225806
90,500,10,5.0,rp,1.8509798049926758,0.7096774193548387,0.7096774193548389,0.7096774193548387
91,500,10,10.0,rp,1.8729221820831299,0.7096774193548387,0.7096774193548389,0.7096774193548387
92,500,10,20.0,rp,1.8625943660736084,0.6774193548387096,0.6774193548387096,0.6774193548387096
93,500,10,50.0,rp,1.823387622833252,0.6129032258064516,0.6129032258064516,0.6129032258064516
94,500,10,100.0,rp,1.9004478454589844,0.7096774193548387,0.7096774193548389,0.7096774193548387
95,500,10,200.0,rp,1.9911587238311768,0.7419354838709677,0.7419354838709677,0.7419354838709677
96,500,20,5.0,rp,3.1472747325897217,0.7096774193548387,0.7096774193548389,0.7096774193548387
97,500,20,10.0,rp,3.1526079177856445,0.6774193548387096,0.6774193548387096,0.6774193548387096
98,500,20,20.0,rp,3.174337148666382,0.7096774193548387,0.7096774193548389,0.7096774193548387
99,500,20,50.0,rp,3.3429925441741943,0.6774193548387096,0.6774193548387096,0.6774193548387096
100,500,20,100.0,rp,3.4072554111480713,0.7096774193548387,0.7096774193548389,0.7096774193548387
101,500,20,200.0,rp,3.440924882888794,0.7419354838709677,0.7419354838709677,0.7419354838709677
102,500,50,5.0,rp,7.163004398345947,0.6774193548387096,0.6774193548387096,0.6774193548387096
103,500,50,10.0,rp,7.180711030960083,0.7419354838709677,0.7419354838709677,0.7419354838709677
104,500,50,20.0,rp,7.3360209465026855,0.7419354838709677,0.7419354838709677,0.7419354838709677
105,500,50,50.0,rp,7.270198106765747,0.7419354838709677,0.7419354838709677,0.7419354838709677
106,500,50,100.0,rp,7.4399802684783936,0.7096774193548387,0.7096774193548389,0.7096774193548387
107,500,50,200.0,rp,7.780841827392578,0.7096774193548387,0.7096774193548389,0.7096774193548387
108,500,100,5.0,rp,13.91249966621399,0.7741935483870968,0.7741935483870968,0.7741935483870968
109,500,100,10.0,rp,13.765857458114624,0.7741935483870968,0.7741935483870968,0.7741935483870968
110,500,100,20.0,rp,13.996265649795532,0.7419354838709677,0.7419354838709677,0.7419354838709677
111,500,100,50.0,rp,14.047523736953735,0.7419354838709677,0.7419354838709677,0.7419354838709677
112,500,100,100.0,rp,14.426252126693726,0.7419354838709677,0.7419354838709677,0.7419354838709677
113,500,200,5.0,rp,26.90086531639099,0.7419354838709677,0.7419354838709677,0.7419354838709677
114,500,200,10.0,rp,27.13448739051819,0.7741935483870968,0.7741935483870968,0.7741935483870968
115,500,200,20.0,rp,27.19319200515747,0.7419354838709677,0.7419354838709677,0.7419354838709677
116,500,200,50.0,rp,27.551125526428223,0.7419354838709677,0.7419354838709677,0.7419354838709677
117,1000,3,5.0,rp,1.317969560623169,0.6129032258064516,0.6129032258064516,0.6129032258064516
118,1000,3,10.0,rp,1.3227553367614746,0.6129032258064516,0.6129032258064516,0.6129032258064516
119,1000,3,20.0,rp,1.316826581954956,0.5806451612903226,0.5806451612903226,0.5806451612903226
120,1000,3,50.0,rp,1.335660457611084,0.5806451612903226,0.5806451612903226,0.5806451612903226
121,1000,3,100.0,rp,1.3812098503112793,0.6451612903225806,0.6451612903225806,0.6451612903225806
122,1000,3,200.0,rp,1.4337742328643799,0.6451612903225806,0.6451612903225806,0.6451612903225806
123,1000,5,5.0,rp,1.6329920291900635,0.6774193548387096,0.6774193548387096,0.6774193548387096
124,1000,5,10.0,rp,1.6330897808074951,0.6774193548387096,0.6774193548387096,0.6774193548387096
125,1000,5,20.0,rp,1.6394860744476318,0.6451612903225806,0.6451612903225806,0.6451612903225806
126,1000,5,50.0,rp,1.594428539276123,0.6451612903225806,0.6451612903225806,0.6451612903225806
127,1000,5,100.0,rp,1.6848580837249756,0.6451612903225806,0.6451612903225806,0.6451612903225806
128,1000,5,200.0,rp,1.6867620944976807,0.6451612903225806,0.6451612903225806,0.6451612903225806
129,1000,10,5.0,rp,2.2955143451690674,0.7096774193548387,0.7096774193548389,0.7096774193548387
130,1000,10,10.0,rp,2.3884923458099365,0.7096774193548387,0.7096774193548389,0.7096774193548387
131,1000,10,20.0,rp,2.347125768661499,0.6774193548387096,0.6774193548387096,0.6774193548387096
132,1000,10,50.0,rp,2.3328020572662354,0.6129032258064516,0.6129032258064516,0.6129032258064516
133,1000,10,100.0,rp,2.441004991531372,0.7096774193548387,0.7096774193548389,0.7096774193548387
134,1000,10,200.0,rp,2.4924604892730713,0.6774193548387096,0.6774193548387096,0.6774193548387096
135,1000,20,5.0,rp,3.670685052871704,0.7096774193548387,0.7096774193548389,0.7096774193548387
136,1000,20,10.0,rp,3.776350498199463,0.6774193548387096,0.6774193548387096,0.6774193548387096
137,1000,20,20.0,rp,3.7639336585998535,0.7096774193548387,0.7096774193548389,0.7096774193548387
138,1000,20,50.0,rp,3.8192641735076904,0.6774193548387096,0.6774193548387096,0.6774193548387096
139,1000,20,100.0,rp,3.8882803916931152,0.7096774193548387,0.7096774193548389,0.7096774193548387
140,1000,20,200.0,rp,4.039954662322998,0.7419354838709677,0.7419354838709677,0.7419354838709677
141,1000,50,5.0,rp,7.724033355712891,0.6774193548387096,0.6774193548387096,0.6774193548387096
142,1000,50,10.0,rp,7.74749493598938,0.7419354838709677,0.7419354838709677,0.7419354838709677
143,1000,50,20.0,rp,7.835806369781494,0.7096774193548387,0.7096774193548389,0.7096774193548387
144,1000,50,50.0,rp,7.902359962463379,0.7419354838709677,0.7419354838709677,0.7419354838709677
145,1000,50,100.0,rp,8.063939094543457,0.7419354838709677,0.7419354838709677,0.7419354838709677
146,1000,50,200.0,rp,8.363786220550537,0.7419354838709677,0.7419354838709677,0.7419354838709677
147,1000,100,5.0,rp,14.545393943786621,0.7741935483870968,0.7741935483870968,0.7741935483870968
148,1000,100,10.0,rp,14.489759922027588,0.7741935483870968,0.7741935483870968,0.7741935483870968
149,1000,100,20.0,rp,14.623558044433594,0.7419354838709677,0.7419354838709677,0.7419354838709677
150,1000,100,50.0,rp,14.602966547012329,0.7419354838709677,0.7419354838709677,0.7419354838709677
151,1000,100,100.0,rp,15.129228115081787,0.7419354838709677,0.7419354838709677,0.7419354838709677
152,1000,200,5.0,rp,27.905453205108643,0.7096774193548387,0.7096774193548389,0.7096774193548387
153,1000,200,10.0,rp,27.816688537597656,0.7741935483870968,0.7741935483870968,0.7741935483870968
154,1000,200,20.0,rp,27.74054765701294,0.7419354838709677,0.7419354838709677,0.7419354838709677
155,1000,200,50.0,rp,28.385830879211426,0.7419354838709677,0.7419354838709677,0.7419354838709677
156,5000,3,5.0,rp,4.95313572883606,0.6129032258064516,0.6129032258064516,0.6129032258064516
157,5000,3,10.0,rp,4.984745264053345,0.6129032258064516,0.6129032258064516,0.6129032258064516
158,5000,3,20.0,rp,5.04994010925293,0.5806451612903226,0.5806451612903226,0.5806451612903226
159,5000,3,50.0,rp,5.018118143081665,0.6129032258064516,0.6129032258064516,0.6129032258064516
160,5000,3,100.0,rp,4.981112957000732,0.6451612903225806,0.6451612903225806,0.6451612903225806
161,5000,3,200.0,rp,5.172615051269531,0.6451612903225806,0.6451612903225806,0.6451612903225806
162,5000,5,5.0,rp,5.393417835235596,0.6774193548387096,0.6774193548387096,0.6774193548387096
163,5000,5,10.0,rp,5.389752388000488,0.6774193548387096,0.6774193548387096,0.6774193548387096
164,5000,5,20.0,rp,5.350281715393066,0.6451612903225806,0.6451612903225806,0.6451612903225806
165,5000,5,50.0,rp,5.422732591629028,0.6451612903225806,0.6451612903225806,0.6451612903225806
166,5000,5,100.0,rp,5.442506790161133,0.6451612903225806,0.6451612903225806,0.6451612903225806
167,5000,5,200.0,rp,5.536644697189331,0.6451612903225806,0.6451612903225806,0.6451612903225806
168,5000,10,5.0,rp,6.346171140670776,0.7096774193548387,0.7096774193548389,0.7096774193548387
169,5000,10,10.0,rp,6.3148353099823,0.7096774193548387,0.7096774193548389,0.7096774193548387
170,5000,10,20.0,rp,6.233436822891235,0.6774193548387096,0.6774193548387096,0.6774193548387096
171,5000,10,50.0,rp,6.276479482650757,0.6129032258064516,0.6129032258064516,0.6129032258064516
172,5000,10,100.0,rp,6.2977516651153564,0.7096774193548387,0.7096774193548389,0.7096774193548387
173,5000,10,200.0,rp,6.55681037902832,0.7419354838709677,0.7419354838709677,0.7419354838709677
174,5000,20,5.0,rp,7.800262451171875,0.7096774193548387,0.7096774193548389,0.7096774193548387
175,5000,20,10.0,rp,7.861733913421631,0.7096774193548387,0.7096774193548389,0.7096774193548387
176,5000,20,20.0,rp,7.814248561859131,0.7419354838709677,0.7419354838709677,0.7419354838709677
177,5000,20,50.0,rp,7.999370336532593,0.6774193548387096,0.6774193548387096,0.6774193548387096
178,5000,20,100.0,rp,8.024630546569824,0.7096774193548387,0.7096774193548389,0.7096774193548387
179,5000,20,200.0,rp,8.294360637664795,0.7419354838709677,0.7419354838709677,0.7419354838709677
180,5000,50,5.0,rp,12.258309841156006,0.6774193548387096,0.6774193548387096,0.6774193548387096
181,5000,50,10.0,rp,12.334044694900513,0.7419354838709677,0.7419354838709677,0.7419354838709677
182,5000,50,20.0,rp,12.192192792892456,0.7096774193548387,0.7096774193548389,0.7096774193548387
183,5000,50,50.0,rp,12.327527284622192,0.7419354838709677,0.7419354838709677,0.7419354838709677
184,5000,50,100.0,rp,12.691171407699585,0.7419354838709677,0.7419354838709677,0.7419354838709677
185,5000,50,200.0,rp,13.194030284881592,0.7419354838709677,0.7419354838709677,0.7419354838709677
186,5000,100,5.0,rp,19.342177629470825,0.7741935483870968,0.7741935483870968,0.7741935483870968
187,5000,100,10.0,rp,19.456165075302124,0.7741935483870968,0.7741935483870968,0.7741935483870968
188,5000,100,20.0,rp,19.51386332511902,0.7419354838709677,0.7419354838709677,0.7419354838709677
189,5000,100,50.0,rp,19.755570650100708,0.7419354838709677,0.7419354838709677,0.7419354838709677
190,5000,100,100.0,rp,20.23547101020813,0.7419354838709677,0.7419354838709677,0.7419354838709677
191,5000,200,5.0,rp,33.09231233596802,0.7419354838709677,0.7419354838709677,0.7419354838709677
192,5000,200,10.0,rp,33.542317152023315,0.7741935483870968,0.7741935483870968,0.7741935483870968
193,5000,200,20.0,rp,33.547358989715576,0.7419354838709677,0.7419354838709677,0.7419354838709677
194,5000,200,50.0,rp,33.64439940452576,0.7419354838709677,0.7419354838709677,0.7419354838709677
195,100,3,0.05,p,0.4808349609375,0.7096774193548387,0.7096774193548389,0.7096774193548387
196,100,3,0.1,p,0.4746663570404053,0.7419354838709677,0.7419354838709677,0.7419354838709677
197,100,3,0.2,p,0.48078441619873047,0.7096774193548387,0.7096774193548389,0.7096774193548387
198,100,3,0.3,p,0.48679280281066895,0.6129032258064516,0.6129032258064516,0.6129032258064516
199,100,3,0.5,p,0.5104341506958008,0.7096774193548387,0.7096774193548389,0.7096774193548387
200,100,3,0.7,p,0.4943416118621826,0.6774193548387096,0.6774193548387096,0.6774193548387096
201,100,5,0.05,p,0.7278075218200684,0.6129032258064516,0.6129032258064516,0.6129032258064516
202,100,5,0.1,p,0.7482457160949707,0.6451612903225806,0.6451612903225806,0.6451612903225806
203,100,5,0.2,p,0.7622411251068115,0.6774193548387096,0.6774193548387096,0.6774193548387096
204,100,5,0.3,p,0.745481014251709,0.7096774193548387,0.7096774193548389,0.7096774193548387
205,100,5,0.5,p,0.7807095050811768,0.7096774193548387,0.7096774193548389,0.7096774193548387
206,100,5,0.7,p,0.7792952060699463,0.7419354838709677,0.7419354838709677,0.7419354838709677
207,100,10,0.05,p,1.4087235927581787,0.6451612903225806,0.6451612903225806,0.6451612903225806
208,100,10,0.1,p,1.378504991531372,0.6129032258064516,0.6129032258064516,0.6129032258064516
209,100,10,0.2,p,1.41776442527771,0.7096774193548387,0.7096774193548389,0.7096774193548387
210,100,10,0.3,p,1.3815863132476807,0.6774193548387096,0.6774193548387096,0.6774193548387096
211,100,10,0.5,p,1.4128913879394531,0.7096774193548387,0.7096774193548389,0.7096774193548387
212,100,10,0.7,p,1.4607558250427246,0.6774193548387096,0.6774193548387096,0.6774193548387096
213,100,20,0.05,p,2.6800808906555176,0.7419354838709677,0.7419354838709677,0.7419354838709677
214,100,20,0.1,p,2.6732912063598633,0.7096774193548387,0.7096774193548389,0.7096774193548387
215,100,20,0.2,p,2.735090970993042,0.7096774193548387,0.7096774193548389,0.7096774193548387
216,100,20,0.3,p,2.704850435256958,0.7419354838709677,0.7419354838709677,0.7419354838709677
217,100,20,0.5,p,2.7709813117980957,0.7096774193548387,0.7096774193548389,0.7096774193548387
218,100,20,0.7,p,2.814965009689331,0.7096774193548387,0.7096774193548389,0.7096774193548387
219,100,50,0.05,p,6.361038684844971,0.6774193548387096,0.6774193548387096,0.6774193548387096
220,100,50,0.1,p,6.434284210205078,0.7096774193548387,0.7096774193548389,0.7096774193548387
221,100,50,0.2,p,6.511494398117065,0.6774193548387096,0.6774193548387096,0.6774193548387096
222,100,50,0.3,p,6.41557240486145,0.7096774193548387,0.7096774193548389,0.7096774193548387
223,100,50,0.5,p,6.637604713439941,0.7096774193548387,0.7096774193548389,0.7096774193548387
224,100,50,0.7,p,6.678437232971191,0.7096774193548387,0.7096774193548389,0.7096774193548387
225,100,100,0.05,p,12.423357486724854,0.7419354838709677,0.7419354838709677,0.7419354838709677
226,100,100,0.1,p,12.54433560371399,0.7419354838709677,0.7419354838709677,0.7419354838709677
227,100,100,0.2,p,12.679970979690552,0.6451612903225806,0.6451612903225806,0.6451612903225806
228,100,100,0.3,p,12.774396657943726,0.6774193548387096,0.6774193548387096,0.6774193548387096
229,100,100,0.5,p,12.953102350234985,0.7096774193548387,0.7096774193548389,0.7096774193548387
230,100,100,0.7,p,13.203802347183228,0.7096774193548387,0.7096774193548389,0.7096774193548387
231,100,200,0.05,p,24.558467626571655,0.6774193548387096,0.6774193548387096,0.6774193548387096
232,100,200,0.1,p,25.04108500480652,0.6774193548387096,0.6774193548387096,0.6774193548387096
233,100,200,0.2,p,25.182464838027954,0.6451612903225806,0.6451612903225806,0.6451612903225806
234,100,200,0.3,p,25.458369255065918,0.7096774193548387,0.7096774193548389,0.7096774193548387
235,100,200,0.5,p,25.727770805358887,0.7419354838709677,0.7419354838709677,0.7419354838709677
236,100,200,0.7,p,26.201046466827393,0.7096774193548387,0.7096774193548389,0.7096774193548387
237,200,3,0.05,p,0.5859644412994385,0.6774193548387096,0.6774193548387096,0.6774193548387096
238,200,3,0.1,p,0.5785799026489258,0.6451612903225806,0.6451612903225806,0.6451612903225806
239,200,3,0.2,p,0.6030819416046143,0.7419354838709677,0.7419354838709677,0.7419354838709677
240,200,3,0.3,p,0.6115298271179199,0.6129032258064516,0.6129032258064516,0.6129032258064516
241,200,3,0.5,p,0.5943293571472168,0.6451612903225806,0.6451612903225806,0.6451612903225806
242,200,3,0.7,p,0.5890624523162842,0.7096774193548387,0.7096774193548389,0.7096774193548387
243,200,5,0.05,p,0.8305740356445312,0.5806451612903226,0.5806451612903226,0.5806451612903226
244,200,5,0.1,p,0.8322775363922119,0.6129032258064516,0.6129032258064516,0.6129032258064516
245,200,5,0.2,p,0.8424170017242432,0.6451612903225806,0.6451612903225806,0.6451612903225806
246,200,5,0.3,p,0.8513400554656982,0.7096774193548387,0.7096774193548389,0.7096774193548387
247,200,5,0.5,p,0.8461437225341797,0.6774193548387096,0.6774193548387096,0.6774193548387096
248,200,5,0.7,p,0.8657190799713135,0.7096774193548387,0.7096774193548389,0.7096774193548387
249,200,10,0.05,p,1.4731628894805908,0.6774193548387096,0.6774193548387096,0.6774193548387096
250,200,10,0.1,p,1.5038471221923828,0.6129032258064516,0.6129032258064516,0.6129032258064516
251,200,10,0.2,p,1.4983150959014893,0.7096774193548387,0.7096774193548389,0.7096774193548387
252,200,10,0.3,p,1.4921901226043701,0.6774193548387096,0.6774193548387096,0.6774193548387096
253,200,10,0.5,p,1.5221397876739502,0.7096774193548387,0.7096774193548389,0.7096774193548387
254,200,10,0.7,p,1.5397796630859375,0.6774193548387096,0.6774193548387096,0.6774193548387096
255,200,20,0.05,p,2.811368227005005,0.7096774193548387,0.7096774193548389,0.7096774193548387
256,200,20,0.1,p,2.7658817768096924,0.7096774193548387,0.7096774193548389,0.7096774193548387
257,200,20,0.2,p,2.979438543319702,0.7096774193548387,0.7096774193548389,0.7096774193548387
258,200,20,0.3,p,2.8688368797302246,0.7419354838709677,0.7419354838709677,0.7419354838709677
259,200,20,0.5,p,2.838230609893799,0.7419354838709677,0.7419354838709677,0.7419354838709677
260,200,20,0.7,p,2.902604341506958,0.7096774193548387,0.7096774193548389,0.7096774193548387
261,200,50,0.05,p,6.4072887897491455,0.6774193548387096,0.6774193548387096,0.6774193548387096
262,200,50,0.1,p,6.508610725402832,0.6774193548387096,0.6774193548387096,0.6774193548387096
263,200,50,0.2,p,6.592159271240234,0.7096774193548387,0.7096774193548389,0.7096774193548387
264,200,50,0.3,p,6.672887563705444,0.7419354838709677,0.7419354838709677,0.7419354838709677
265,200,50,0.5,p,6.674809694290161,0.7096774193548387,0.7096774193548389,0.7096774193548387
266,200,50,0.7,p,6.832947254180908,0.7096774193548387,0.7096774193548389,0.7096774193548387
267,200,100,0.05,p,12.499276638031006,0.7419354838709677,0.7419354838709677,0.7419354838709677
268,200,100,0.1,p,12.769334316253662,0.7096774193548387,0.7096774193548389,0.7096774193548387
269,200,100,0.2,p,12.660255432128906,0.7096774193548387,0.7096774193548389,0.7096774193548387
270,200,100,0.3,p,13.012849807739258,0.7096774193548387,0.7096774193548389,0.7096774193548387
271,200,100,0.5,p,13.080204725265503,0.7096774193548387,0.7096774193548389,0.7096774193548387
272,200,100,0.7,p,13.378044843673706,0.7096774193548387,0.7096774193548389,0.7096774193548387
273,200,200,0.05,p,24.842670440673828,0.6774193548387096,0.6774193548387096,0.6774193548387096
274,200,200,0.1,p,25.13051438331604,0.6774193548387096,0.6774193548387096,0.6774193548387096
275,200,200,0.2,p,25.131590127944946,0.6451612903225806,0.6451612903225806,0.6451612903225806
276,200,200,0.3,p,25.549858331680298,0.7096774193548387,0.7096774193548389,0.7096774193548387
277,200,200,0.5,p,25.957871675491333,0.7419354838709677,0.7419354838709677,0.7419354838709677
278,200,200,0.7,p,26.189107418060303,0.7096774193548387,0.7096774193548389,0.7096774193548387
279,500,3,0.05,p,0.8964765071868896,0.6774193548387096,0.6774193548387096,0.6774193548387096
280,500,3,0.1,p,0.8452496528625488,0.6774193548387096,0.6774193548387096,0.6774193548387096
281,500,3,0.2,p,0.8449993133544922,0.7096774193548387,0.7096774193548389,0.7096774193548387
282,500,3,0.3,p,0.8548498153686523,0.6129032258064516,0.6129032258064516,0.6129032258064516
283,500,3,0.5,p,0.8770005702972412,0.6774193548387096,0.6774193548387096,0.6774193548387096
284,500,3,0.7,p,0.8606767654418945,0.6774193548387096,0.6774193548387096,0.6774193548387096
285,500,5,0.05,p,1.1331422328948975,0.5806451612903226,0.5806451612903226,0.5806451612903226
286,500,5,0.1,p,1.1051335334777832,0.6129032258064516,0.6129032258064516,0.6129032258064516
287,500,5,0.2,p,1.1312942504882812,0.6129032258064516,0.6129032258064516,0.6129032258064516
288,500,5,0.3,p,1.124924898147583,0.6774193548387096,0.6774193548387096,0.6774193548387096
289,500,5,0.5,p,1.1453614234924316,0.6774193548387096,0.6774193548387096,0.6774193548387096
290,500,5,0.7,p,1.1668140888214111,0.7096774193548387,0.7096774193548389,0.7096774193548387
291,500,10,0.05,p,1.8032915592193604,0.6451612903225806,0.6451612903225806,0.6451612903225806
292,500,10,0.1,p,1.8375401496887207,0.6774193548387096,0.6774193548387096,0.6774193548387096
293,500,10,0.2,p,1.7995202541351318,0.7096774193548387,0.7096774193548389,0.7096774193548387
294,500,10,0.3,p,1.790330410003662,0.7096774193548387,0.7096774193548389,0.7096774193548387
295,500,10,0.5,p,1.864884376525879,0.7096774193548387,0.7096774193548389,0.7096774193548387
296,500,10,0.7,p,1.8986272811889648,0.7096774193548387,0.7096774193548389,0.7096774193548387
297,500,20,0.05,p,3.1180121898651123,0.7096774193548387,0.7096774193548389,0.7096774193548387
298,500,20,0.1,p,3.1330344676971436,0.7096774193548387,0.7096774193548389,0.7096774193548387
299,500,20,0.2,p,3.1509735584259033,0.7096774193548387,0.7096774193548389,0.7096774193548387
300,500,20,0.3,p,3.141493558883667,0.7419354838709677,0.7419354838709677,0.7419354838709677
301,500,20,0.5,p,3.181805372238159,0.7096774193548387,0.7096774193548389,0.7096774193548387
302,500,20,0.7,p,3.274258852005005,0.7096774193548387,0.7096774193548389,0.7096774193548387
303,500,50,0.05,p,6.918609857559204,0.7096774193548387,0.7096774193548389,0.7096774193548387
304,500,50,0.1,p,6.955399751663208,0.6774193548387096,0.6774193548387096,0.6774193548387096
305,500,50,0.2,p,7.074411153793335,0.7096774193548387,0.7096774193548389,0.7096774193548387
306,500,50,0.3,p,7.149912357330322,0.7419354838709677,0.7419354838709677,0.7419354838709677
307,500,50,0.5,p,7.012922763824463,0.7096774193548387,0.7096774193548389,0.7096774193548387
308,500,50,0.7,p,7.1938393115997314,0.7096774193548387,0.7096774193548389,0.7096774193548387
309,500,100,0.05,p,13.050782918930054,0.7419354838709677,0.7419354838709677,0.7419354838709677
310,500,100,0.1,p,13.333204746246338,0.6774193548387096,0.6774193548387096,0.6774193548387096
311,500,100,0.2,p,13.232383728027344,0.7096774193548387,0.7096774193548389,0.7096774193548387
312,500,100,0.3,p,13.249777555465698,0.6774193548387096,0.6774193548387096,0.6774193548387096
313,500,100,0.5,p,13.920273780822754,0.7096774193548387,0.7096774193548389,0.7096774193548387
314,500,100,0.7,p,14.223913431167603,0.7419354838709677,0.7419354838709677,0.7419354838709677
315,500,200,0.05,p,25.94977593421936,0.6774193548387096,0.6774193548387096,0.6774193548387096
316,500,200,0.1,p,25.907267332077026,0.6774193548387096,0.6774193548387096,0.6774193548387096
317,500,200,0.2,p,25.82352566719055,0.6451612903225806,0.6451612903225806,0.6451612903225806
318,500,200,0.3,p,25.79096245765686,0.6774193548387096,0.6774193548387096,0.6774193548387096
319,500,200,0.5,p,26.719347715377808,0.7419354838709677,0.7419354838709677,0.7419354838709677
320,500,200,0.7,p,26.63185477256775,0.7096774193548387,0.7096774193548389,0.7096774193548387
321,1000,3,0.05,p,1.3614060878753662,0.6129032258064516,0.6129032258064516,0.6129032258064516
322,1000,3,0.1,p,1.3396542072296143,0.6774193548387096,0.6774193548387096,0.6774193548387096
323,1000,3,0.2,p,1.3440661430358887,0.7419354838709677,0.7419354838709677,0.7419354838709677
324,1000,3,0.3,p,1.3449134826660156,0.6129032258064516,0.6129032258064516,0.6129032258064516
325,1000,3,0.5,p,1.3767881393432617,0.7096774193548387,0.7096774193548389,0.7096774193548387
326,1000,3,0.7,p,1.4050984382629395,0.6774193548387096,0.6774193548387096,0.6774193548387096
327,1000,5,0.05,p,1.6028892993927002,0.5806451612903226,0.5806451612903226,0.5806451612903226
328,1000,5,0.1,p,1.6088004112243652,0.6129032258064516,0.6129032258064516,0.6129032258064516
329,1000,5,0.2,p,1.6253259181976318,0.6129032258064516,0.6129032258064516,0.6129032258064516
330,1000,5,0.3,p,1.635615587234497,0.7096774193548387,0.7096774193548389,0.7096774193548387
331,1000,5,0.5,p,1.6417272090911865,0.7419354838709677,0.7419354838709677,0.7419354838709677
332,1000,5,0.7,p,1.6507971286773682,0.7419354838709677,0.7419354838709677,0.7419354838709677
333,1000,10,0.05,p,2.2523319721221924,0.6451612903225806,0.6451612903225806,0.6451612903225806
334,1000,10,0.1,p,2.2932181358337402,0.6129032258064516,0.6129032258064516,0.6129032258064516
335,1000,10,0.2,p,2.3325114250183105,0.7096774193548387,0.7096774193548389,0.7096774193548387
336,1000,10,0.3,p,2.388934850692749,0.7096774193548387,0.7096774193548389,0.7096774193548387
337,1000,10,0.5,p,2.340611696243286,0.7096774193548387,0.7096774193548389,0.7096774193548387
338,1000,10,0.7,p,2.3767762184143066,0.7096774193548387,0.7096774193548389,0.7096774193548387
339,1000,20,0.05,p,3.654109001159668,0.7096774193548387,0.7096774193548389,0.7096774193548387
340,1000,20,0.1,p,3.6145873069763184,0.6774193548387096,0.6774193548387096,0.6774193548387096
341,1000,20,0.2,p,3.7716846466064453,0.7096774193548387,0.7096774193548389,0.7096774193548387
342,1000,20,0.3,p,3.7647323608398438,0.7419354838709677,0.7419354838709677,0.7419354838709677
343,1000,20,0.5,p,3.7036874294281006,0.7419354838709677,0.7419354838709677,0.7419354838709677
344,1000,20,0.7,p,3.799586057662964,0.7096774193548387,0.7096774193548389,0.7096774193548387
345,1000,50,0.05,p,7.474578619003296,0.6774193548387096,0.6774193548387096,0.6774193548387096
346,1000,50,0.1,p,7.552095174789429,0.7096774193548387,0.7096774193548389,0.7096774193548387
347,1000,50,0.2,p,7.511441230773926,0.6774193548387096,0.6774193548387096,0.6774193548387096
348,1000,50,0.3,p,7.598426580429077,0.7096774193548387,0.7096774193548389,0.7096774193548387
349,1000,50,0.5,p,7.722232341766357,0.7096774193548387,0.7096774193548389,0.7096774193548387
350,1000,50,0.7,p,7.69297456741333,0.7096774193548387,0.7096774193548389,0.7096774193548387
351,1000,100,0.05,p,13.750080823898315,0.7419354838709677,0.7419354838709677,0.7419354838709677
352,1000,100,0.1,p,13.643133401870728,0.7096774193548387,0.7096774193548389,0.7096774193548387
353,1000,100,0.2,p,13.922939538955688,0.6774193548387096,0.6774193548387096,0.6774193548387096
354,1000,100,0.3,p,13.8742516040802,0.6774193548387096,0.6774193548387096,0.6774193548387096
355,1000,100,0.5,p,14.439399719238281,0.7096774193548387,0.7096774193548389,0.7096774193548387
356,1000,100,0.7,p,14.31103253364563,0.7096774193548387,0.7096774193548389,0.7096774193548387
357,1000,200,0.05,p,26.136081218719482,0.6774193548387096,0.6774193548387096,0.6774193548387096
358,1000,200,0.1,p,26.16586422920227,0.6774193548387096,0.6774193548387096,0.6774193548387096
359,1000,200,0.2,p,26.382285118103027,0.6451612903225806,0.6451612903225806,0.6451612903225806
360,1000,200,0.3,p,27.09655475616455,0.6774193548387096,0.6774193548387096,0.6774193548387096
361,1000,200,0.5,p,27.183644771575928,0.7419354838709677,0.7419354838709677,0.7419354838709677
362,1000,200,0.7,p,27.47759199142456,0.7096774193548387,0.7096774193548389,0.7096774193548387
363,5000,3,0.05,p,5.076792001724243,0.6129032258064516,0.6129032258064516,0.6129032258064516
364,5000,3,0.1,p,5.094534873962402,0.7419354838709677,0.7419354838709677,0.7419354838709677
365,5000,3,0.2,p,5.112585067749023,0.7419354838709677,0.7419354838709677,0.7419354838709677
366,5000,3,0.3,p,5.075491189956665,0.6129032258064516,0.6129032258064516,0.6129032258064516
367,5000,3,0.5,p,5.120910167694092,0.7096774193548387,0.7096774193548389,0.7096774193548387
368,5000,3,0.7,p,5.12104606628418,0.6774193548387096,0.6774193548387096,0.6774193548387096
369,5000,5,0.05,p,5.45618200302124,0.5806451612903226,0.5806451612903226,0.5806451612903226
370,5000,5,0.1,p,5.438222169876099,0.6129032258064516,0.6129032258064516,0.6129032258064516
371,5000,5,0.2,p,5.462637186050415,0.6129032258064516,0.6129032258064516,0.6129032258064516
372,5000,5,0.3,p,5.481931924819946,0.6774193548387096,0.6774193548387096,0.6774193548387096
373,5000,5,0.5,p,5.529411554336548,0.7096774193548387,0.7096774193548389,0.7096774193548387
374,5000,5,0.7,p,5.531253814697266,0.7096774193548387,0.7096774193548389,0.7096774193548387
375,5000,10,0.05,p,6.319693565368652,0.6451612903225806,0.6451612903225806,0.6451612903225806
376,5000,10,0.1,p,6.332825660705566,0.6129032258064516,0.6129032258064516,0.6129032258064516
377,5000,10,0.2,p,6.417492866516113,0.7096774193548387,0.7096774193548389,0.7096774193548387
378,5000,10,0.3,p,6.4266674518585205,0.7096774193548387,0.7096774193548389,0.7096774193548387
379,5000,10,0.5,p,6.394228219985962,0.7096774193548387,0.7096774193548389,0.7096774193548387
380,5000,10,0.7,p,6.42954158782959,0.7096774193548387,0.7096774193548389,0.7096774193548387
381,5000,20,0.05,p,7.97142481803894,0.7096774193548387,0.7096774193548389,0.7096774193548387
382,5000,20,0.1,p,8.003931522369385,0.6774193548387096,0.6774193548387096,0.6774193548387096
383,5000,20,0.2,p,8.066445112228394,0.7096774193548387,0.7096774193548389,0.7096774193548387
384,5000,20,0.3,p,8.031975030899048,0.7419354838709677,0.7419354838709677,0.7419354838709677
385,5000,20,0.5,p,8.093715906143188,0.7419354838709677,0.7419354838709677,0.7419354838709677
386,5000,20,0.7,p,8.189061164855957,0.7096774193548387,0.7096774193548389,0.7096774193548387
387,5000,50,0.05,p,12.211668252944946,0.6774193548387096,0.6774193548387096,0.6774193548387096
388,5000,50,0.1,p,12.31626033782959,0.7096774193548387,0.7096774193548389,0.7096774193548387
389,5000,50,0.2,p,12.474450588226318,0.7419354838709677,0.7419354838709677,0.7419354838709677
390,5000,50,0.3,p,12.477550268173218,0.7419354838709677,0.7419354838709677,0.7419354838709677
391,5000,50,0.5,p,12.559446334838867,0.7096774193548387,0.7096774193548389,0.7096774193548387
392,5000,50,0.7,p,12.591811895370483,0.7096774193548387,0.7096774193548389,0.7096774193548387
393,5000,100,0.05,p,19.19161105155945,0.7419354838709677,0.7419354838709677,0.7419354838709677
394,5000,100,0.1,p,19.347304105758667,0.6774193548387096,0.6774193548387096,0.6774193548387096
395,5000,100,0.2,p,19.236985445022583,0.6774193548387096,0.6774193548387096,0.6774193548387096
396,5000,100,0.3,p,19.603087186813354,0.6774193548387096,0.6774193548387096,0.6774193548387096
397,5000,100,0.5,p,19.748925924301147,0.7096774193548387,0.7096774193548389,0.7096774193548387
398,5000,100,0.7,p,19.91118049621582,0.7096774193548387,0.7096774193548389,0.7096774193548387
399,5000,200,0.05,p,32.523202419281006,0.6774193548387096,0.6774193548387096,0.6774193548387096
400,5000,200,0.1,p,32.89321494102478,0.6774193548387096,0.6774193548387096,0.6774193548387096
401,5000,200,0.2,p,32.67743682861328,0.6451612903225806,0.6451612903225806,0.6451612903225806
402,5000,200,0.3,p,33.55082058906555,0.6774193548387096,0.6774193548387096,0.6774193548387096
403,5000,200,0.5,p,32.396021127700806,0.7419354838709677,0.7419354838709677,0.7419354838709677
404,5000,200,0.7,p,32.78020477294922,0.7096774193548387,0.7096774193548389,0.7096774193548387
